<?xml version="1.0" encoding="UTF-8"?>
<project-private xmlns="http://www.netbeans.org/ns/project-private/1">
    <editor-bookmarks xmlns="http://www.netbeans.org/ns/editor-bookmarks/2" lastBookmarkId="0"/>
    <open-files xmlns="http://www.netbeans.org/ns/projectui-open-files/2">
        <group>
            <file>file:/C:/Users/Mohammed_BEY/Documents/NetBeansProjects/Projet_COMP_BEY/src/projet_comp_bey/FXMLDocumentController.java</file>
            <file>file:/C:/Users/Mohammed_BEY/Documents/NetBeansProjects/Projet_COMP_BEY/src/projet_comp_bey/FormeIntermidiaire.java</file>
            <file>file:/C:/Users/Mohammed_BEY/Documents/NetBeansProjects/Projet_COMP_BEY/src/projet_comp_bey/Evaluation.java</file>
            <file>file:/C:/Users/Mohammed_BEY/Documents/NetBeansProjects/Projet_COMP_BEY/src/projet_comp_bey/DecenteRecursive.java</file>
        </group>
    </open-files>
</project-private>
